{"sections":{"441834ad-6625-4f08-8091-a2b5a720e386":{"type":"slideshow","disabled":true,"blocks":{"template--16061260824745__441834ad-6625-4f08-8091-a2b5a720e386-167525221831e9dda2-0":{"type":"slide","settings":{"image":"shopify:\/\/shop_images\/A7554EAB-37D9-43A0-A47B-A131F2F80FDA.jpg","heading":"Scrunchies Collection","heading_size":"h1","subheading":"Colectia de scrunchies XXL este acum disponibila in magazin!","button_label":"Vezi mai mult","link":"shopify:\/\/collections\/xxl-scrunchies","button_style_secondary":false,"box_align":"middle-center","show_text_box":false,"text_alignment":"center","image_overlay_opacity":30,"color_scheme":"background-1","text_alignment_mobile":"center"}},"template--16061260824745__441834ad-6625-4f08-8091-a2b5a720e386-167525221831e9dda2-1":{"type":"slide","settings":{"image":"shopify:\/\/shop_images\/FB1CF258-327E-4BAF-A60B-A0881A01BDFE.jpg","heading":"Magic Curler","heading_size":"h1","subheading":"Metoda cea mai simpla pentru a ondula parul acasa, Bucura-te de bucle perfecte fara prea mult efort!","button_label":"Vezi Colectia","link":"shopify:\/\/collections\/heatless-curls","button_style_secondary":false,"box_align":"middle-center","show_text_box":false,"text_alignment":"center","image_overlay_opacity":30,"color_scheme":"background-1","text_alignment_mobile":"center"}}},"block_order":["template--16061260824745__441834ad-6625-4f08-8091-a2b5a720e386-167525221831e9dda2-0","template--16061260824745__441834ad-6625-4f08-8091-a2b5a720e386-167525221831e9dda2-1"],"settings":{"layout":"full_bleed","slide_height":"small","slider_visual":"dots","auto_rotate":true,"change_slides_speed":5,"show_text_below":false,"accessibility_info":"Slideshow about our brand"}},"f8768f0f-d812-4822-ab5c-dd0649036bc7":{"type":"slideshow","disabled":true,"blocks":{"template--16061260824745__f8768f0f-d812-4822-ab5c-dd0649036bc7-16750966352d15251c-0":{"type":"slide","settings":{"image":"shopify:\/\/shop_images\/3BA43722-EF15-4470-AAAE-231947F3694A.jpg","heading":"Image slide","heading_size":"h1","subheading":"Tell your brand's story through images","button_label":"Button label","link":"","button_style_secondary":false,"box_align":"bottom-center","show_text_box":false,"text_alignment":"center","image_overlay_opacity":30,"color_scheme":"background-1","text_alignment_mobile":"center"}},"template--16061260824745__f8768f0f-d812-4822-ab5c-dd0649036bc7-16750966352d15251c-1":{"type":"slide","settings":{"image":"shopify:\/\/shop_images\/868CA293-DF09-49F2-8350-6B1151962F86.jpg","heading":"Image slide","heading_size":"h1","subheading":"Tell your brand's story through images","button_label":"Button label","link":"","button_style_secondary":false,"box_align":"bottom-center","show_text_box":false,"text_alignment":"center","image_overlay_opacity":30,"color_scheme":"background-1","text_alignment_mobile":"center"}}},"block_order":["template--16061260824745__f8768f0f-d812-4822-ab5c-dd0649036bc7-16750966352d15251c-0","template--16061260824745__f8768f0f-d812-4822-ab5c-dd0649036bc7-16750966352d15251c-1"],"settings":{"layout":"full_bleed","slide_height":"medium","slider_visual":"dots","auto_rotate":true,"change_slides_speed":7,"show_text_below":false,"accessibility_info":"Slideshow about our brand"}},"image_banner":{"type":"image-banner","blocks":{"ca39347d-3af4-4a95-bca3-56c36a077563":{"type":"heading","settings":{"heading":"Bentite Luxury","heading_size":"h1"}},"29af0261-c228-4258-b5a9-0885fb3b9039":{"type":"text","settings":{"text":"Give customers details about the banner image(s) or content on the template.","text_style":"body"}},"button":{"type":"buttons","settings":{"button_label_1":"Vezi Colectia","button_link_1":"shopify:\/\/collections\/all","button_style_secondary_1":false,"button_label_2":"","button_link_2":"","button_style_secondary_2":false}}},"block_order":["ca39347d-3af4-4a95-bca3-56c36a077563","29af0261-c228-4258-b5a9-0885fb3b9039","button"],"settings":{"image":"shopify:\/\/shop_images\/7F8D4046-20BE-456B-9025-6F1E11C14028.jpg","image_overlay_opacity":30,"image_height":"small","adapt_height_first_image":false,"desktop_content_position":"bottom-center","show_text_box":false,"desktop_content_alignment":"center","color_scheme":"background-1","mobile_content_alignment":"center","stack_images_on_mobile":false,"show_text_below":true}},"78a4baa6-66e6-445d-8a63-85866f02e3c9":{"type":"collection-list","blocks":{"template--16061260824745__78a4baa6-66e6-445d-8a63-85866f02e3c9-1675198233a1280df7-0":{"type":"featured_collection","settings":{"collection":"knoted-headband"}},"template--16061260824745__78a4baa6-66e6-445d-8a63-85866f02e3c9-1675198233a1280df7-1":{"type":"featured_collection","settings":{"collection":"twisted-headband"}},"template--16061260824745__78a4baa6-66e6-445d-8a63-85866f02e3c9-1675198233a1280df7-2":{"type":"featured_collection","settings":{"collection":"xxl-scrunchies"}},"37d1107b-c710-49be-ab70-6501eb007aac":{"type":"featured_collection","settings":{"collection":"mini-scrunchies"}}},"block_order":["template--16061260824745__78a4baa6-66e6-445d-8a63-85866f02e3c9-1675198233a1280df7-0","template--16061260824745__78a4baa6-66e6-445d-8a63-85866f02e3c9-1675198233a1280df7-1","template--16061260824745__78a4baa6-66e6-445d-8a63-85866f02e3c9-1675198233a1280df7-2","37d1107b-c710-49be-ab70-6501eb007aac"],"settings":{"title":"","heading_size":"h1","image_ratio":"square","columns_desktop":4,"color_scheme":"background-1","show_view_all":false,"columns_mobile":"2","swipe_on_mobile":false,"padding_top":36,"padding_bottom":36}},"3b2cce5b-d11c-45c4-8c0c-db75c5500c8a":{"type":"rich-text","blocks":{"template--16061260824745__3b2cce5b-d11c-45c4-8c0c-db75c5500c8a-1675552028a3d3d533-0":{"type":"heading","settings":{"heading":"<p>Talk about your brand<\/p>","heading_size":"h1"}},"template--16061260824745__3b2cce5b-d11c-45c4-8c0c-db75c5500c8a-1675552028a3d3d533-1":{"type":"text","settings":{"text":"<p>Share information about your brand with your customers. Describe a product, make announcements, or welcome customers to your store.<\/p>"}},"template--16061260824745__3b2cce5b-d11c-45c4-8c0c-db75c5500c8a-1675552028a3d3d533-2":{"type":"button","settings":{"button_label":"Button label","button_link":"","button_style_secondary":true,"button_label_2":"","button_link_2":"","button_style_secondary_2":false}}},"block_order":["template--16061260824745__3b2cce5b-d11c-45c4-8c0c-db75c5500c8a-1675552028a3d3d533-0","template--16061260824745__3b2cce5b-d11c-45c4-8c0c-db75c5500c8a-1675552028a3d3d533-1","template--16061260824745__3b2cce5b-d11c-45c4-8c0c-db75c5500c8a-1675552028a3d3d533-2"],"settings":{"desktop_content_position":"center","content_alignment":"center","color_scheme":"accent-1","full_width":true,"padding_top":40,"padding_bottom":52}},"40879f75-c3ea-4bab-a328-ca0b13cdc90f":{"type":"featured-collection","settings":{"title":"Produse Noi","heading_size":"h1","description":"","show_description":false,"description_style":"body","collection":"new-collection","products_to_show":8,"columns_desktop":4,"full_width":false,"show_view_all":true,"view_all_style":"solid","enable_desktop_slider":false,"color_scheme":"background-1","image_ratio":"square","show_secondary_image":true,"show_vendor":true,"show_rating":true,"enable_quick_add":false,"columns_mobile":"2","swipe_on_mobile":false,"padding_top":36,"padding_bottom":36}},"167509226987128001":{"type":"apps","blocks":{"29b2bf3d-0b88-40f6-8d07-436e10e99deb":{"type":"shopify:\/\/apps\/instafeed-instagram-feed\/blocks\/app-block\/c447db20-095d-4a10-9725-b5977662c9d5","settings":{"heading_size":22,"feed_width":100,"html_area":""}}},"block_order":["29b2bf3d-0b88-40f6-8d07-436e10e99deb"],"settings":{"include_margins":true}},"da44e80d-9ec5-472a-87a3-8f2e1eafa6ad":{"type":"newsletter","blocks":{"template--16061260824745__da44e80d-9ec5-472a-87a3-8f2e1eafa6ad-16750866102cfd6221-0":{"type":"heading","settings":{"heading":"Subscribe to our emails","heading_size":"h2"}},"template--16061260824745__da44e80d-9ec5-472a-87a3-8f2e1eafa6ad-16750866102cfd6221-1":{"type":"paragraph","settings":{"text":"<p>Be the first to know about new collections and exclusive offers.<\/p>"}},"template--16061260824745__da44e80d-9ec5-472a-87a3-8f2e1eafa6ad-16750866102cfd6221-2":{"type":"email_form","settings":{}}},"block_order":["template--16061260824745__da44e80d-9ec5-472a-87a3-8f2e1eafa6ad-16750866102cfd6221-0","template--16061260824745__da44e80d-9ec5-472a-87a3-8f2e1eafa6ad-16750866102cfd6221-1","template--16061260824745__da44e80d-9ec5-472a-87a3-8f2e1eafa6ad-16750866102cfd6221-2"],"settings":{"color_scheme":"background-1","full_width":true,"padding_top":40,"padding_bottom":52}}},"order":["441834ad-6625-4f08-8091-a2b5a720e386","f8768f0f-d812-4822-ab5c-dd0649036bc7","image_banner","78a4baa6-66e6-445d-8a63-85866f02e3c9","3b2cce5b-d11c-45c4-8c0c-db75c5500c8a","40879f75-c3ea-4bab-a328-ca0b13cdc90f","167509226987128001","da44e80d-9ec5-472a-87a3-8f2e1eafa6ad"]}