{"sections":{"main":{"type":"main-product","blocks":{"vendor":{"type":"text","settings":{"text":"Rodymand","text_style":"uppercase"}},"title":{"type":"title","settings":{}},"price":{"type":"price","settings":{}},"variant_picker":{"type":"variant_picker","settings":{"picker_type":"button"}},"description":{"type":"description","settings":{}},"quantity_selector":{"type":"quantity_selector","settings":{}},"buy_buttons":{"type":"buy_buttons","settings":{"show_dynamic_checkout":false}},"collapsible-row-0":{"type":"collapsible_tab","settings":{"heading":"1.  MATERIALE","icon":"none","content":"<p>Credem în crearea celor mai bune produse posibile prin aprovizionarea cu țesăturile, ambalajele și materialele noastre prin intermediul comunității noastre de afaceri mici Rodymand. Credem în sustenabilitate, motiv pentru care nicio țesătură nu este irosită și ne străduim să oferim în continuare opțiuni de ambalare mai durabile și ecologice pentru toate produsele noastre. Aflați mai multe detalii despre materialele noastre <a href=\"\/pages\/materialele-noastre\" title=\"Materialele Noastre\">aici<\/a>.<\/p>","page":"materialele-noastre"}},"collapsible-row-1":{"type":"collapsible_tab","settings":{"heading":"2.  LIVRARE & RETUR","icon":"none","content":"","page":"ccpa-opt-out"}},"collapsible-row-3":{"type":"collapsible_tab","settings":{"heading":"3.  INSTRUCTIUNI DE INGRIJIRE","icon":"none","content":"","page":"instrucțiuni-de-ingrijire-a-accesoriilor"}},"b4a1f564-ad79-49a5-823a-f9b9121e30d0":{"type":"collapsible_tab","settings":{"heading":"4.  CONTACTEAZĂ-NE","icon":"none","content":"<p>Pentru a lua legatura , sau daca aveti o intrebare ne puteti contacta  <a href=\"\/pages\/contact\" title=\"Contact\">aici <\/a><\/p>","page":"contact"}},"share":{"type":"share","settings":{"share_label":"Distribuie"}}},"block_order":["vendor","title","price","variant_picker","description","quantity_selector","buy_buttons","collapsible-row-0","collapsible-row-1","collapsible-row-3","b4a1f564-ad79-49a5-823a-f9b9121e30d0","share"],"settings":{"enable_sticky_info":true,"media_position":"left","gallery_layout":"stacked","media_size":"large","mobile_thumbnails":"show","hide_variants":true,"enable_video_looping":true,"padding_top":36,"padding_bottom":12}},"product-recommendations":{"type":"product-recommendations","settings":{"heading":"You may also like","heading_size":"h2","products_to_show":4,"columns_desktop":4,"color_scheme":"background-1","image_ratio":"square","show_secondary_image":true,"show_vendor":false,"show_rating":false,"columns_mobile":"2","padding_top":36,"padding_bottom":28}},"bf41b45f-3912-4518-9bab-da2bc7155119":{"type":"featured-collection","settings":{"title":"REDUCERI","heading_size":"h2","description":"<p>Accesories la pret redus<\/p>","show_description":false,"description_style":"body","collection":"baby-collections","products_to_show":4,"columns_desktop":4,"full_width":false,"show_view_all":false,"view_all_style":"solid","enable_desktop_slider":false,"color_scheme":"background-1","image_ratio":"adapt","show_secondary_image":false,"show_vendor":false,"show_rating":false,"enable_quick_add":false,"columns_mobile":"2","swipe_on_mobile":true,"padding_top":36,"padding_bottom":36}},"1629746450643786911":{"type":"areviews-section","settings":{}}},"order":["main","product-recommendations","bf41b45f-3912-4518-9bab-da2bc7155119","1629746450643786911"]}