{"current":{"colors_solid_button_labels":"#2d2b2b","colors_accent_1":"#fdecf3","gradient_accent_1":"","colors_accent_2":"#fff9f9","gradient_accent_2":"","colors_text":"#2d2b2b","colors_outline_button_labels":"#2d2b2b","colors_background_1":"#fff","gradient_background_1":"","colors_background_2":"#f4f4f4","gradient_background_2":"","type_header_font":"twentieth_century_n4","heading_scale":100,"type_body_font":"twentieth_century_n4","body_scale":100,"page_width":1100,"spacing_sections":0,"spacing_grid_horizontal":12,"spacing_grid_vertical":20,"buttons_border_thickness":0,"buttons_border_opacity":90,"buttons_radius":0,"buttons_shadow_opacity":25,"buttons_shadow_horizontal_offset":0,"buttons_shadow_vertical_offset":0,"buttons_shadow_blur":0,"variant_pills_border_thickness":1,"variant_pills_border_opacity":55,"variant_pills_radius":40,"variant_pills_shadow_opacity":0,"variant_pills_shadow_horizontal_offset":0,"variant_pills_shadow_vertical_offset":4,"variant_pills_shadow_blur":5,"inputs_border_thickness":1,"inputs_border_opacity":55,"inputs_radius":0,"inputs_shadow_opacity":0,"inputs_shadow_horizontal_offset":0,"inputs_shadow_vertical_offset":4,"inputs_shadow_blur":5,"card_style":"standard","card_image_padding":0,"card_text_alignment":"left","card_color_scheme":"background-1","card_border_thickness":0,"card_border_opacity":15,"card_corner_radius":0,"card_shadow_opacity":0,"card_shadow_horizontal_offset":0,"card_shadow_vertical_offset":0,"card_shadow_blur":0,"collection_card_style":"standard","collection_card_image_padding":0,"collection_card_text_alignment":"left","collection_card_color_scheme":"background-1","collection_card_border_thickness":0,"collection_card_border_opacity":15,"collection_card_corner_radius":0,"collection_card_shadow_opacity":0,"collection_card_shadow_horizontal_offset":0,"collection_card_shadow_vertical_offset":4,"collection_card_shadow_blur":5,"blog_card_style":"standard","blog_card_image_padding":0,"blog_card_text_alignment":"left","blog_card_color_scheme":"background-2","blog_card_border_thickness":0,"blog_card_border_opacity":10,"blog_card_corner_radius":0,"blog_card_shadow_opacity":0,"blog_card_shadow_horizontal_offset":0,"blog_card_shadow_vertical_offset":4,"blog_card_shadow_blur":5,"text_boxes_border_thickness":0,"text_boxes_border_opacity":10,"text_boxes_radius":0,"text_boxes_shadow_opacity":0,"text_boxes_shadow_horizontal_offset":0,"text_boxes_shadow_vertical_offset":4,"text_boxes_shadow_blur":5,"media_border_thickness":1,"media_border_opacity":5,"media_radius":0,"media_shadow_opacity":0,"media_shadow_horizontal_offset":0,"media_shadow_vertical_offset":-14,"media_shadow_blur":5,"popup_border_thickness":1,"popup_border_opacity":10,"popup_corner_radius":0,"popup_shadow_opacity":0,"popup_shadow_horizontal_offset":0,"popup_shadow_vertical_offset":4,"popup_shadow_blur":5,"drawer_border_thickness":1,"drawer_border_opacity":10,"drawer_shadow_opacity":0,"drawer_shadow_horizontal_offset":0,"drawer_shadow_vertical_offset":4,"drawer_shadow_blur":5,"badge_position":"top right","badge_corner_radius":0,"sale_badge_color_scheme":"accent-2","sold_out_badge_color_scheme":"inverse","accent_icons":"text","social_twitter_link":"","social_facebook_link":"","social_pinterest_link":"","social_instagram_link":"","social_tiktok_link":"","social_tumblr_link":"","social_snapchat_link":"","social_youtube_link":"","social_vimeo_link":"","predictive_search_enabled":true,"predictive_search_show_vendor":false,"predictive_search_show_price":false,"currency_code_enabled":true,"cart_type":"drawer","show_vendor":false,"show_cart_note":true,"sections":{"announcement-bar":{"type":"announcement-bar","blocks":{"09de2ffe-eb13-4d74-b668-c4c2dc8d5a08":{"type":"announcement","settings":{"text":"EXPEDIERE IN EUROPA PRIN DHL & DEUTSCHE POST","text_alignment":"center","color_scheme":"accent-1","link":""}}},"block_order":["09de2ffe-eb13-4d74-b668-c4c2dc8d5a08"],"settings":{}},"header":{"type":"header","settings":{"color_scheme":"background-1","logo":"shopify:\/\/shop_images\/4A40E489-4D27-42C8-A807-171C4D037387.jpg","logo_width":190,"logo_position":"top-center","menu":"menu-2","menu_type_desktop":"mega","show_line_separator":false,"enable_sticky_header":true,"mobile_logo_position":"center","margin_bottom":0,"padding_top":0,"padding_bottom":0}},"footer":{"type":"footer","blocks":{"b7513d0b-9299-495c-9f6d-400402b8a9cc":{"type":"text","settings":{"heading":"Contact","subtext":"<p>Watsapp: +49 178 2212915<\/p><p>E-mail: rodymand.shop@gmail.com<\/p><p><\/p>"}},"52867edd-3685-4fc2-af4c-62e7ddbf65db":{"type":"text","settings":{"heading":"Program","subtext":"<p>Luni - Vineri  8:00 - 19:00<\/p><p>Sambata 9:00 -17:00<\/p><p>Duminica - INCHIS<\/p>"}},"footer-1":{"type":"link_list","settings":{"heading":"Informații","menu":"footer"}}},"block_order":["b7513d0b-9299-495c-9f6d-400402b8a9cc","52867edd-3685-4fc2-af4c-62e7ddbf65db","footer-1"],"settings":{"color_scheme":"accent-1","newsletter_enable":false,"newsletter_heading":"Subscribe to our emails","show_social":false,"enable_country_selector":true,"enable_language_selector":true,"payment_enable":true,"margin_top":0,"padding_top":44,"padding_bottom":36}},"main-password-header":{"type":"main-password-header","settings":{"logo":"{{ shop.brand.logo }}","logo_max_width":100,"color_scheme":"background-1"}},"main-password-footer":{"type":"main-password-footer","settings":{"color_scheme":"background-1"}}},"content_for_index":[],"blocks":{"12793297677437526120":{"type":"shopify:\/\/apps\/t-lab-ai-language-translate\/blocks\/custom_translations\/b5b83690-efd4-434d-8c6a-a5cef4019faf","disabled":false,"settings":{}},"2140405073069974119":{"type":"shopify:\/\/apps\/t-lab-ai-language-translate\/blocks\/language_detection\/b5b83690-efd4-434d-8c6a-a5cef4019faf","disabled":false,"settings":{}},"language-translate":{"type":"shopify:\/\/apps\/uplinkly-language-translate\/blocks\/language-translate\/56a854bb-67ff-48c6-ba58-9185b4505de7","disabled":false,"settings":{}},"8765772171712610185":{"type":"shopify:\/\/apps\/t-lab-ai-language-translate\/blocks\/language_switcher\/b5b83690-efd4-434d-8c6a-a5cef4019faf","disabled":true,"settings":{"enable_language_switcher":true,"enable_country_region_switcher":true,"use_modal_dialog":false,"use_currency_for_region":true,"switcher_position":"custom","show_flags":true,"language_label":"language-code-mobile","language_country_mapping":"RO, EN, DE","countries_filter":"EN, DE, RO","custom_css":"@media screen ans (max-width: 500px)","header_switcher_reference_element":".header-bar_cart","header_switcher_relative_position":"after","mobile_menu_switcher_reference_element":"drawer_menu.list-menu","mobile_switcher_relative_position":"after","header_switcher_border_width":1,"switcher_viewport_position":"bottom-right","custom_position_spacing_top":"50","custom_position_spacing_right":"10","custom_position_spacing_bottom":"20","custom_position_spacing_left":"20","custom_switcher_font_size":"18px","custom_switcher_border_width":1,"custom_switcher_text_color":"#5c5c5c","custom_switcher_background_color":"#ffffff","custom_switcher_border_color":"#000000"}},"10746902591489815047":{"type":"shopify:\/\/apps\/use-google-fonts-custom-fonts\/blocks\/app-embed\/2caf2c68-0038-455e-b0b9-066a7c2ad923","disabled":true,"settings":{}}}},"presets":{"Default":{"colors_solid_button_labels":"#ffffff","colors_accent_1":"#121212","gradient_accent_1":"","colors_accent_2":"#334fb4","gradient_accent_2":"","colors_text":"#121212","colors_outline_button_labels":"#121212","colors_background_1":"#ffffff","gradient_background_1":"","colors_background_2":"#f3f3f3","gradient_background_2":"","type_header_font":"assistant_n4","heading_scale":100,"type_body_font":"assistant_n4","body_scale":100,"page_width":1200,"spacing_sections":0,"spacing_grid_horizontal":8,"spacing_grid_vertical":8,"buttons_border_thickness":1,"buttons_border_opacity":100,"buttons_radius":0,"buttons_shadow_opacity":0,"buttons_shadow_horizontal_offset":0,"buttons_shadow_vertical_offset":4,"buttons_shadow_blur":5,"variant_pills_border_thickness":1,"variant_pills_border_opacity":55,"variant_pills_radius":40,"variant_pills_shadow_opacity":0,"variant_pills_shadow_horizontal_offset":0,"variant_pills_shadow_vertical_offset":4,"variant_pills_shadow_blur":5,"inputs_border_thickness":1,"inputs_border_opacity":55,"inputs_radius":0,"inputs_shadow_opacity":0,"inputs_shadow_horizontal_offset":0,"inputs_shadow_vertical_offset":4,"inputs_shadow_blur":5,"card_style":"standard","card_image_padding":0,"card_text_alignment":"left","card_color_scheme":"background-2","card_border_thickness":0,"card_border_opacity":10,"card_corner_radius":0,"card_shadow_opacity":0,"card_shadow_horizontal_offset":0,"card_shadow_vertical_offset":4,"card_shadow_blur":5,"collection_card_style":"standard","collection_card_image_padding":0,"collection_card_text_alignment":"left","collection_card_color_scheme":"background-2","collection_card_border_thickness":0,"collection_card_border_opacity":10,"collection_card_corner_radius":0,"collection_card_shadow_opacity":0,"collection_card_shadow_horizontal_offset":0,"collection_card_shadow_vertical_offset":4,"collection_card_shadow_blur":5,"blog_card_style":"standard","blog_card_image_padding":0,"blog_card_text_alignment":"left","blog_card_color_scheme":"background-2","blog_card_border_thickness":0,"blog_card_border_opacity":10,"blog_card_corner_radius":0,"blog_card_shadow_opacity":0,"blog_card_shadow_horizontal_offset":0,"blog_card_shadow_vertical_offset":4,"blog_card_shadow_blur":5,"text_boxes_border_thickness":0,"text_boxes_border_opacity":10,"text_boxes_radius":0,"text_boxes_shadow_opacity":0,"text_boxes_shadow_horizontal_offset":0,"text_boxes_shadow_vertical_offset":4,"text_boxes_shadow_blur":5,"media_border_thickness":1,"media_border_opacity":5,"media_radius":0,"media_shadow_opacity":0,"media_shadow_horizontal_offset":0,"media_shadow_vertical_offset":4,"media_shadow_blur":5,"popup_border_thickness":1,"popup_border_opacity":10,"popup_corner_radius":0,"popup_shadow_opacity":0,"popup_shadow_horizontal_offset":0,"popup_shadow_vertical_offset":4,"popup_shadow_blur":5,"drawer_border_thickness":1,"drawer_border_opacity":10,"drawer_shadow_opacity":0,"drawer_shadow_horizontal_offset":0,"drawer_shadow_vertical_offset":4,"drawer_shadow_blur":5,"badge_position":"bottom left","badge_corner_radius":40,"sale_badge_color_scheme":"accent-2","sold_out_badge_color_scheme":"inverse","accent_icons":"text","social_twitter_link":"","social_facebook_link":"","social_pinterest_link":"","social_instagram_link":"","social_tiktok_link":"","social_tumblr_link":"","social_snapchat_link":"","social_youtube_link":"","social_vimeo_link":"","predictive_search_enabled":true,"predictive_search_show_vendor":false,"predictive_search_show_price":false,"currency_code_enabled":true,"cart_type":"notification","show_vendor":false,"show_cart_note":false,"sections":{"announcement-bar":{"type":"announcement-bar","blocks":{"announcement-bar-0":{"type":"announcement","settings":{"text":"Welcome to our store","text_alignment":"center","color_scheme":"background-1","link":""}}},"block_order":["announcement-bar-0"],"settings":{}},"header":{"type":"header","settings":{"color_scheme":"background-1","logo":"{{ shop.brand.logo }}","logo_width":90,"logo_position":"middle-left","menu":"main-menu","menu_type_desktop":"dropdown","show_line_separator":true,"enable_sticky_header":true,"mobile_logo_position":"center","margin_bottom":0,"padding_top":20,"padding_bottom":20}},"footer":{"type":"footer","blocks":{"footer-0":{"type":"link_list","settings":{"heading":"Quick links","menu":"footer"}},"footer-1":{"type":"link_list","settings":{"heading":"Info","menu":"footer"}},"footer-2":{"type":"text","settings":{"heading":"Our mission","subtext":"<p>Share contact information, store details, and brand content with your customers.<\/p>"}}},"block_order":["footer-0","footer-1","footer-2"],"settings":{"color_scheme":"background-1","newsletter_enable":true,"newsletter_heading":"Subscribe to our emails","show_social":true,"enable_country_selector":false,"enable_language_selector":false,"payment_enable":true,"margin_top":48,"padding_top":36,"padding_bottom":36}},"main-password-header":{"type":"main-password-header","settings":{"logo":"{{ shop.brand.logo }}","logo_max_width":100,"color_scheme":"background-1"}},"main-password-footer":{"type":"main-password-footer","settings":{"color_scheme":"background-1"}}}}}}